id,mint_count_per_week,burn_count_per_week,mint_ratio,swap_ratio,burn_ratio,mint_mean_period,swap_mean_period,burn_mean_period,swap_in_per_week,swap_out_per_week,swap_rate,lp_avg,lp_std,lp_creator_holding_ratio,lp_lock_ratio,token_burn_ratio,token_creator_holding_ratio,number_of_token_creation_of_creator
0xd867cf83b5912e630a743c463ce80ec3c2e586ff,0.9914217755432903,0.9914217755432903,0.1,0.8,0.1,0.0,0.02637110643990063,1.0,4.957108877716451,2.9742653266298706,1.25,100.0,0.0,0.0,0.0,0.0,91.96,2
0xe64d36c5341dc6f01a63974a52bc98259d1f4904,1.9454451878538341,0.0,0.1,0.9,0.0,0.06185141509433962,0.11379716981132075,0.0,16.53628409675759,0.9727225939269171,8.5,100.0,0.0,100.0,0.0,0.0,0.0,2
0x5e9757bc9b59a6daaa771fcaa7de4237d7030684,0.9739506840844091,0.0,0.01639344262295082,0.9836065573770492,0.0,0.0,0.09260633036597428,0.0,25.322717786194637,33.11432325886991,0.7428571428571429,100.0,0.0,0.0,0.0,0.0,0.0,2
